title,href
Adult orthopedics,https://www.uptodate.com/contents/table-of-contents/primary-care-adult/adult-orthopedics
Adult procedures,https://www.uptodate.com/contents/table-of-contents/primary-care-adult/adult-procedures
Adult signs and symptoms,https://www.uptodate.com/contents/table-of-contents/primary-care-adult/adult-signs-and-symptoms
Anxiety disorders,https://www.uptodate.com/contents/table-of-contents/primary-care-adult/anxiety-disorders
Cancer survivorship,https://www.uptodate.com/contents/table-of-contents/primary-care-adult/cancer-survivorship
Complementary medicine,https://www.uptodate.com/contents/table-of-contents/primary-care-adult/complementary-medicine
Depressive disorders,https://www.uptodate.com/contents/table-of-contents/primary-care-adult/depressive-disorders
Gene test interpretation,https://www.uptodate.com/contents/table-of-contents/primary-care-adult/gene-test-interpretation
General medical issues in women,https://www.uptodate.com/contents/table-of-contents/primary-care-adult/general-medical-issues-in-women
General medicine,https://www.uptodate.com/contents/table-of-contents/primary-care-adult/general-medicine
Genetics and basic science,https://www.uptodate.com/contents/table-of-contents/primary-care-adult/genetics-and-basic-science
Geriatric medicine,https://www.uptodate.com/contents/table-of-contents/primary-care-adult/geriatric-medicine
Laboratory medicine,https://www.uptodate.com/contents/table-of-contents/primary-care-adult/laboratory-medicine
Lipid disorders,https://www.uptodate.com/contents/table-of-contents/primary-care-adult/lipid-disorders
Medical consultation,https://www.uptodate.com/contents/table-of-contents/primary-care-adult/medical-consultation
Nutrition and diet,https://www.uptodate.com/contents/table-of-contents/primary-care-adult/nutrition-and-diet
Office gynecology,https://www.uptodate.com/contents/table-of-contents/primary-care-adult/office-gynecology
Patient perspective,https://www.uptodate.com/contents/table-of-contents/primary-care-adult/patient-perspective
Primary care cardiology,https://www.uptodate.com/contents/table-of-contents/primary-care-adult/primary-care-cardiology
Primary care dermatology,https://www.uptodate.com/contents/table-of-contents/primary-care-adult/primary-care-dermatology
Primary care endocrinology,https://www.uptodate.com/contents/table-of-contents/primary-care-adult/primary-care-endocrinology
Primary care ENT,https://www.uptodate.com/contents/table-of-contents/primary-care-adult/primary-care-ent
Primary care gastroenterology,https://www.uptodate.com/contents/table-of-contents/primary-care-adult/primary-care-gastroenterology
Primary care hematology,https://www.uptodate.com/contents/table-of-contents/primary-care-adult/primary-care-hematology
Primary care infectious disease,https://www.uptodate.com/contents/table-of-contents/primary-care-adult/primary-care-infectious-disease
Primary care nephrology urology,https://www.uptodate.com/contents/table-of-contents/primary-care-adult/primary-care-nephrology-urology
Primary care neurology,https://www.uptodate.com/contents/table-of-contents/primary-care-adult/primary-care-neurology
Primary care oncology,https://www.uptodate.com/contents/table-of-contents/primary-care-adult/primary-care-oncology
Primary care ophthalmology,https://www.uptodate.com/contents/table-of-contents/primary-care-adult/primary-care-ophthalmology
Primary care psychiatry,https://www.uptodate.com/contents/table-of-contents/primary-care-adult/primary-care-psychiatry
Primary care pulmonary disease,https://www.uptodate.com/contents/table-of-contents/primary-care-adult/primary-care-pulmonary-disease
Primary care rheumatology,https://www.uptodate.com/contents/table-of-contents/primary-care-adult/primary-care-rheumatology
Primary care sports medicine,https://www.uptodate.com/contents/table-of-contents/primary-care-adult/primary-care-sports-medicine
Radiology,https://www.uptodate.com/contents/table-of-contents/primary-care-adult/radiology
Screening preventive medicine,https://www.uptodate.com/contents/table-of-contents/primary-care-adult/screening-preventive-medicine
Society guidelines in Primary Care (Adult),https://www.uptodate.com/contents/table-of-contents/primary-care-adult/society-guidelines-in-primary-care-adult
Spinal disease and back pain,https://www.uptodate.com/contents/table-of-contents/primary-care-adult/spinal-disease-and-back-pain
Substance use disorders,https://www.uptodate.com/contents/table-of-contents/primary-care-adult/substance-use-disorders
Venous disease,https://www.uptodate.com/contents/table-of-contents/primary-care-adult/venous-disease
What's new in primary care,https://www.uptodate.com/contents/whats-new-in-primary-care
Patient Education,https://www.uptodate.com/contents/table-of-contents/patient-education
Adolescent sports medicine,https://www.uptodate.com/contents/table-of-contents/primary-care-sports-medicine-adolescents-and-adults/adolescent-sports-medicine
"Biomechanics, rehabilitation, and recovery",https://www.uptodate.com/contents/table-of-contents/primary-care-sports-medicine-adolescents-and-adults/biomechanics-rehabilitation-and-recovery
"Exercise, sports nutrition, and miscellaneous",https://www.uptodate.com/contents/table-of-contents/primary-care-sports-medicine-adolescents-and-adults/exercise-sports-nutrition-and-miscellaneous
Medical issues related to sports and exercise,https://www.uptodate.com/contents/table-of-contents/primary-care-sports-medicine-adolescents-and-adults/medical-issues-related-to-sports-and-exercise
Pediatric sports medicine,https://www.uptodate.com/contents/table-of-contents/primary-care-sports-medicine-adolescents-and-adults/pediatric-sports-medicine
Procedures,https://www.uptodate.com/contents/table-of-contents/primary-care-sports-medicine-adolescents-and-adults/procedures
Society guidelines in Primary Care Sports Medicine (Adolescents and Adults),https://www.uptodate.com/contents/table-of-contents/primary-care-sports-medicine-adolescents-and-adults/society-guidelines-in-primary-care-sports-medicine-adolescents-and-adults
Sports-related injuries,https://www.uptodate.com/contents/table-of-contents/primary-care-sports-medicine-adolescents-and-adults/sports-related-injuries
Symptom assessment and physical examination,https://www.uptodate.com/contents/table-of-contents/primary-care-sports-medicine-adolescents-and-adults/symptom-assessment-and-physical-examination
What's new in sports medicine (primary care),https://www.uptodate.com/contents/whats-new-in-sports-medicine-primary-care
Patient Education,https://www.uptodate.com/contents/table-of-contents/patient-education
Anxiety disorders,https://www.uptodate.com/contents/table-of-contents/psychiatry/anxiety-disorders
Bipolar disorders,https://www.uptodate.com/contents/table-of-contents/psychiatry/bipolar-disorders
Child and adolescent mental disorders,https://www.uptodate.com/contents/table-of-contents/psychiatry/child-and-adolescent-mental-disorders
Depressive disorders,https://www.uptodate.com/contents/table-of-contents/psychiatry/depressive-disorders
Dissociative disorders,https://www.uptodate.com/contents/table-of-contents/psychiatry/dissociative-disorders
Eating disorders,https://www.uptodate.com/contents/table-of-contents/psychiatry/eating-disorders
General psychiatry,https://www.uptodate.com/contents/table-of-contents/psychiatry/general-psychiatry
Impulse control disorders,https://www.uptodate.com/contents/table-of-contents/psychiatry/impulse-control-disorders
Mental and medical disorders,https://www.uptodate.com/contents/table-of-contents/psychiatry/mental-and-medical-disorders
Neurodevelopmental disorders,https://www.uptodate.com/contents/table-of-contents/psychiatry/neurodevelopmental-disorders
Obsessive-compulsive related disorders,https://www.uptodate.com/contents/table-of-contents/psychiatry/obsessive-compulsive-related-disorders
Personality disorders,https://www.uptodate.com/contents/table-of-contents/psychiatry/personality-disorders
Psychotic disorders,https://www.uptodate.com/contents/table-of-contents/psychiatry/psychotic-disorders
Sexual dysfunctions and gender dysphoria,https://www.uptodate.com/contents/table-of-contents/psychiatry/sexual-dysfunctions-and-gender-dysphoria
Society guidelines in Psychiatry,https://www.uptodate.com/contents/table-of-contents/psychiatry/society-guidelines-in-psychiatry
Somatic symptom and related disorders,https://www.uptodate.com/contents/table-of-contents/psychiatry/somatic-symptom-and-related-disorders
Substance use disorders,https://www.uptodate.com/contents/table-of-contents/psychiatry/substance-use-disorders
Trauma-related disorders,https://www.uptodate.com/contents/table-of-contents/psychiatry/trauma-related-disorders
What's new in psychiatry,https://www.uptodate.com/contents/whats-new-in-psychiatry
Patient Education,https://www.uptodate.com/contents/table-of-contents/patient-education
Asthma,https://www.uptodate.com/contents/table-of-contents/pulmonary-and-critical-care-medicine/asthma
COPD,https://www.uptodate.com/contents/table-of-contents/pulmonary-and-critical-care-medicine/copd
Critical care medicine,https://www.uptodate.com/contents/table-of-contents/pulmonary-and-critical-care-medicine/critical-care-medicine
Critical care neurology,https://www.uptodate.com/contents/table-of-contents/pulmonary-and-critical-care-medicine/critical-care-neurology
Critical care obstetrics,https://www.uptodate.com/contents/table-of-contents/pulmonary-and-critical-care-medicine/critical-care-obstetrics
Interstitial lung disease,https://www.uptodate.com/contents/table-of-contents/pulmonary-and-critical-care-medicine/interstitial-lung-disease
Interventional pulmonology,https://www.uptodate.com/contents/table-of-contents/pulmonary-and-critical-care-medicine/interventional-pulmonology
Lung cancer,https://www.uptodate.com/contents/table-of-contents/pulmonary-and-critical-care-medicine/lung-cancer
Lung transplantation,https://www.uptodate.com/contents/table-of-contents/pulmonary-and-critical-care-medicine/lung-transplantation
Neuromuscular and chest wall,https://www.uptodate.com/contents/table-of-contents/pulmonary-and-critical-care-medicine/neuromuscular-and-chest-wall
Pediatric critical care,https://www.uptodate.com/contents/table-of-contents/pulmonary-and-critical-care-medicine/pediatric-critical-care
Pediatric pulmonology,https://www.uptodate.com/contents/table-of-contents/pulmonary-and-critical-care-medicine/pediatric-pulmonology
Pleural disease,https://www.uptodate.com/contents/table-of-contents/pulmonary-and-critical-care-medicine/pleural-disease
Pulmonary diagnostics,https://www.uptodate.com/contents/table-of-contents/pulmonary-and-critical-care-medicine/pulmonary-diagnostics
Pulmonary imaging,https://www.uptodate.com/contents/table-of-contents/pulmonary-and-critical-care-medicine/pulmonary-imaging
Pulmonary infections,https://www.uptodate.com/contents/table-of-contents/pulmonary-and-critical-care-medicine/pulmonary-infections
Sleep disorders,https://www.uptodate.com/contents/table-of-contents/pulmonary-and-critical-care-medicine/sleep-disorders
Society guidelines in Pulmonary and Critical Care Medicine,https://www.uptodate.com/contents/table-of-contents/pulmonary-and-critical-care-medicine/society-guidelines-in-pulmonary-and-critical-care-medicine
Tuberculosis,https://www.uptodate.com/contents/table-of-contents/pulmonary-and-critical-care-medicine/tuberculosis
Venous and pulmonary vascular,https://www.uptodate.com/contents/table-of-contents/pulmonary-and-critical-care-medicine/venous-and-pulmonary-vascular
What's new in pulmonary and critical care medicine,https://www.uptodate.com/contents/whats-new-in-pulmonary-and-critical-care-medicine
Patient Education,https://www.uptodate.com/contents/table-of-contents/patient-education
Adult orthopedics,https://www.uptodate.com/contents/table-of-contents/rheumatology/adult-orthopedics
Crystal diseases,https://www.uptodate.com/contents/table-of-contents/rheumatology/crystal-diseases
Diagnostic issues rheumatology,https://www.uptodate.com/contents/table-of-contents/rheumatology/diagnostic-issues-rheumatology
Disorders of bone,https://www.uptodate.com/contents/table-of-contents/rheumatology/disorders-of-bone
General rheumatology and related topics,https://www.uptodate.com/contents/table-of-contents/rheumatology/general-rheumatology-and-related-topics
Immunology basic science,https://www.uptodate.com/contents/table-of-contents/rheumatology/immunology-basic-science
Lupus,https://www.uptodate.com/contents/table-of-contents/rheumatology/lupus
Neuromuscular disease,https://www.uptodate.com/contents/table-of-contents/rheumatology/neuromuscular-disease
Osteoarthritis,https://www.uptodate.com/contents/table-of-contents/rheumatology/osteoarthritis
Pain disorders in rheumatology,https://www.uptodate.com/contents/table-of-contents/rheumatology/pain-disorders-in-rheumatology
Pediatric rheumatology,https://www.uptodate.com/contents/table-of-contents/rheumatology/pediatric-rheumatology
Primary and secondary immunodeficiency states (non HIV),https://www.uptodate.com/contents/table-of-contents/rheumatology/primary-and-secondary-immunodeficiency-states-non-hiv
Rheumatoid arthritis,https://www.uptodate.com/contents/table-of-contents/rheumatology/rheumatoid-arthritis
Scleroderma,https://www.uptodate.com/contents/table-of-contents/rheumatology/scleroderma
Sjögren's disease,https://www.uptodate.com/contents/table-of-contents/rheumatology/sjogrens-disease
Society guidelines in Rheumatology,https://www.uptodate.com/contents/table-of-contents/rheumatology/society-guidelines-in-rheumatology
Soft tissue rheumatic disease,https://www.uptodate.com/contents/table-of-contents/rheumatology/soft-tissue-rheumatic-disease
Spinal disease and back pain,https://www.uptodate.com/contents/table-of-contents/rheumatology/spinal-disease-and-back-pain
Spondyloarthropathies,https://www.uptodate.com/contents/table-of-contents/rheumatology/spondyloarthropathies
Treatment issues rheumatology,https://www.uptodate.com/contents/table-of-contents/rheumatology/treatment-issues-rheumatology
Vasculitis,https://www.uptodate.com/contents/table-of-contents/rheumatology/vasculitis
What's new in rheumatology,https://www.uptodate.com/contents/whats-new-in-rheumatology
Patient Education,https://www.uptodate.com/contents/table-of-contents/patient-education
Circadian rhythm disorders,https://www.uptodate.com/contents/table-of-contents/sleep-medicine/circadian-rhythm-disorders
Diagnostic testing,https://www.uptodate.com/contents/table-of-contents/sleep-medicine/diagnostic-testing
Hypersomnias,https://www.uptodate.com/contents/table-of-contents/sleep-medicine/hypersomnias
Insomnia,https://www.uptodate.com/contents/table-of-contents/sleep-medicine/insomnia
Parasomnias and sleep related movement disorders,https://www.uptodate.com/contents/table-of-contents/sleep-medicine/parasomnias-and-sleep-related-movement-disorders
Pediatric sleep disorders,https://www.uptodate.com/contents/table-of-contents/sleep-medicine/pediatric-sleep-disorders
Sleep related breathing disorders,https://www.uptodate.com/contents/table-of-contents/sleep-medicine/sleep-related-breathing-disorders
Society guidelines in Sleep Medicine,https://www.uptodate.com/contents/table-of-contents/sleep-medicine/society-guidelines-in-sleep-medicine
What's new in sleep medicine,https://www.uptodate.com/contents/whats-new-in-sleep-medicine
Patient Education,https://www.uptodate.com/contents/table-of-contents/patient-education
Adolescent medicine,https://www.uptodate.com/contents/table-of-contents/pediatrics/adolescent-medicine
Behavior and development,https://www.uptodate.com/contents/table-of-contents/pediatrics/behavior-and-development
Gene test interpretation,https://www.uptodate.com/contents/table-of-contents/pediatrics/gene-test-interpretation
General pediatrics,https://www.uptodate.com/contents/table-of-contents/pediatrics/general-pediatrics
Genetic diseases in children,https://www.uptodate.com/contents/table-of-contents/pediatrics/genetic-diseases-in-children
Neonatology,https://www.uptodate.com/contents/table-of-contents/pediatrics/neonatology
Nutritional issues in children,https://www.uptodate.com/contents/table-of-contents/pediatrics/nutritional-issues-in-children
Pediatric allergy,https://www.uptodate.com/contents/table-of-contents/pediatrics/pediatric-allergy
Pediatric cardiology,https://www.uptodate.com/contents/table-of-contents/pediatrics/pediatric-cardiology
Pediatric critical care,https://www.uptodate.com/contents/table-of-contents/pediatrics/pediatric-critical-care
Pediatric dermatology,https://www.uptodate.com/contents/table-of-contents/pediatrics/pediatric-dermatology
Pediatric endocrinology,https://www.uptodate.com/contents/table-of-contents/pediatrics/pediatric-endocrinology
Pediatric environmental emergencies,https://www.uptodate.com/contents/table-of-contents/pediatrics/pediatric-environmental-emergencies
Pediatric gastroenterology,https://www.uptodate.com/contents/table-of-contents/pediatrics/pediatric-gastroenterology
Pediatric gynecology,https://www.uptodate.com/contents/table-of-contents/pediatrics/pediatric-gynecology
Pediatric hematology,https://www.uptodate.com/contents/table-of-contents/pediatrics/pediatric-hematology
Pediatric hepatology,https://www.uptodate.com/contents/table-of-contents/pediatrics/pediatric-hepatology
Pediatric immunology,https://www.uptodate.com/contents/table-of-contents/pediatrics/pediatric-immunology
Pediatric infectious disease,https://www.uptodate.com/contents/table-of-contents/pediatrics/pediatric-infectious-disease
Pediatric medical emergencies,https://www.uptodate.com/contents/table-of-contents/pediatrics/pediatric-medical-emergencies
Pediatric nephrology,https://www.uptodate.com/contents/table-of-contents/pediatrics/pediatric-nephrology
Pediatric neurology,https://www.uptodate.com/contents/table-of-contents/pediatrics/pediatric-neurology
Pediatric oncology,https://www.uptodate.com/contents/table-of-contents/pediatrics/pediatric-oncology
Pediatric ophthalmology,https://www.uptodate.com/contents/table-of-contents/pediatrics/pediatric-ophthalmology
Pediatric oral health,https://www.uptodate.com/contents/table-of-contents/pediatrics/pediatric-oral-health
Pediatric orthopedics,https://www.uptodate.com/contents/table-of-contents/pediatrics/pediatric-orthopedics
Pediatric otolaryngology,https://www.uptodate.com/contents/table-of-contents/pediatrics/pediatric-otolaryngology
Pediatric procedures,https://www.uptodate.com/contents/table-of-contents/pediatrics/pediatric-procedures
Pediatric psychosocial emergencies,https://www.uptodate.com/contents/table-of-contents/pediatrics/pediatric-psychosocial-emergencies
Pediatric pulmonology,https://www.uptodate.com/contents/table-of-contents/pediatrics/pediatric-pulmonology
Pediatric resuscitation,https://www.uptodate.com/contents/table-of-contents/pediatrics/pediatric-resuscitation
Pediatric rheumatology,https://www.uptodate.com/contents/table-of-contents/pediatrics/pediatric-rheumatology
Pediatric signs and symptoms,https://www.uptodate.com/contents/table-of-contents/pediatrics/pediatric-signs-and-symptoms
Pediatric sleep disorders,https://www.uptodate.com/contents/table-of-contents/pediatrics/pediatric-sleep-disorders
Pediatric sports medicine,https://www.uptodate.com/contents/table-of-contents/pediatrics/pediatric-sports-medicine
Pediatric surgical emergencies,https://www.uptodate.com/contents/table-of-contents/pediatrics/pediatric-surgical-emergencies
Pediatric toxicology,https://www.uptodate.com/contents/table-of-contents/pediatrics/pediatric-toxicology
Pediatric trauma,https://www.uptodate.com/contents/table-of-contents/pediatrics/pediatric-trauma
Pediatric urology,https://www.uptodate.com/contents/table-of-contents/pediatrics/pediatric-urology
Society guidelines in Pediatrics,https://www.uptodate.com/contents/table-of-contents/pediatrics/society-guidelines-in-pediatrics
What's new in pediatrics,https://www.uptodate.com/contents/whats-new-in-pediatrics
Patient Education,https://www.uptodate.com/contents/table-of-contents/patient-education
